date,ticker,entry,exit,reason,pnl_pct,ent_ns,ex_ns
2025-02-10,CENX,21.5201,21.0389,SL,-2.236,1739197920000000000,1.73919792e+18
2025-02-10,HSAI,19.2692,19.9256,TP,3.406,1739197920000000000,1.7391984e+18
2025-02-11,ATEX,39.5395,38.4265,SL,-2.815,1739284320000000000,1.73928432e+18
2025-02-11,GDS,31.5815,32.463,TP,2.791,1739284320000000000,1.7392845e+18
2025-02-12,EH,22.3423,23.0507,TP,3.17,1739370720000000000,1.73937108e+18
2025-02-12,PBI,9.9398,9.6004,SL,-3.415,1739370720000000000,1.7393712e+18
2025-02-13,ENTA,6.7567,6.4835,SL,-4.044,1739457120000000000,1.73945712e+18
2025-02-13,HIMX,10.7908,10.5495,SL,-2.236,1739457120000000000,1.73945712e+18
2025-02-14,EH,29.7898,29.0709,SL,-2.413,1739543520000000000,1.73954352e+18
2025-02-14,CAE,25.6957,25.3346,SL,-1.405,1739543520000000000,1.73954352e+18
2025-02-18,BKSY,18.7186,18.2318,SL,-2.601,1739889120000000000,1.73988912e+18
2025-02-18,OTLY,9.9149,10.2329,TP,3.207,1739889120000000000,1.73988924e+18
2025-02-19,SLDB,5.8759,5.6044,SL,-4.62,1739975520000000000,1.73997552e+18
2025-02-19,ROCK,70.5805,67.932,SL,-3.752,1739975520000000000,1.73997552e+18
2025-02-20,CXDO,6.7067,6.8676,TP,2.4,1740061920000000000,1.74006204e+18
2025-02-20,HAS,65.5555,66.992,TP,2.191,1740061920000000000,1.7400621e+18
2025-02-21,AAOI,30.3003,29.7003,SL,-1.98,1740148320000000000,1.74014838e+18
2025-02-21,INOD,63.9939,66.5848,TP,4.049,1740148320000000000,1.74014904e+18
2025-02-24,AAOI,28.6685,29.5775,TP,3.171,1740407520000000000,1.7404077e+18
2025-02-24,TEM,72.0287,69.4405,SL,-3.593,1740407520000000000,1.74040878e+18
2025-02-25,SOLV,82.8628,81.2352,SL,-1.964,1740493920000000000,1.74049392e+18
2025-02-25,AHCO,10.7097,10.1898,SL,-4.854,1740493920000000000,1.74049398e+18
2025-02-26,AAOI,26.2162,25.2701,SL,-3.609,1740580320000000000,1.74058032e+18
2025-02-26,CEVA,36.3363,37.4359,TP,3.026,1740580320000000000,1.7405823e+18
2025-02-27,LTBR,11.1892,10.8891,SL,-2.682,1740666720000000000,1.74066672e+18
2025-02-27,BTDR,11.3213,11.7059,TP,3.397,1740666720000000000,1.74066708e+18
2025-02-28,SIG,54.4894,55.9775,TP,2.731,1740753120000000000,1.74075336e+18
2025-02-28,OPRA,18.8388,19.2608,TP,2.24,1740753120000000000,1.74075492e+18
2025-03-03,BKKT,13.5035,13.8842,TP,2.819,1741012320000000000,1.74101244e+18
2025-03-03,MSEX,54.1441,55.5569,TP,2.609,1741012320000000000,1.74101244e+18
2025-03-04,DQ,19.4895,19.8467,TP,1.833,1741098720000000000,1.74109896e+18
2025-03-04,TSM,177.5774,180.3819,TP,1.579,1741098720000000000,1.74109908e+18
2025-03-05,CXDO,6.4564,6.3237,SL,-2.057,1741185120000000000,1.74118512e+18
2025-03-05,SWIM,6.2412,6.034,SL,-3.321,1741185120000000000,1.74118518e+18
2025-03-06,FLGT,17.7928,18.2114,TP,2.353,1741271520000000000,1.74127182e+18
2025-03-06,BJ,106.6057,109.5432,TP,2.756,1741271520000000000,1.74127188e+18
2025-03-07,HE,11.5215,11.1688,SL,-3.061,1741357920000000000,1.74135792e+18
2025-03-07,GYRE,13.7637,12.987,SL,-5.643,1741357920000000000,1.74135792e+18
2025-03-10,CBRL,46.4964,44.91,SL,-3.412,1741613520000000000,1.74161352e+18
2025-03-10,WSC,29.5795,29.1808,SL,-1.348,1741613520000000000,1.74161556e+18
2025-03-11,METC,10.1902,9.2279,SL,-9.444,1741699920000000000,1.74169992e+18
2025-03-11,API,5.5255,5.3946,SL,-2.369,1741699920000000000,1.74169992e+18
2025-03-12,GRPN,12.7127,12.2877,SL,-3.343,1741786320000000000,1.74178632e+18
2025-03-12,SOUN,9.4044,9.1009,SL,-3.227,1741786320000000000,1.74178752e+18
2025-03-13,GRRR,30.02,29.2508,SL,-2.562,1741872720000000000,1.74187272e+18
2025-03-13,FN,225.4052,218.4913,SL,-3.067,1741872720000000000,1.7418744e+18
2025-03-14,IONQ,23.2432,22.7123,SL,-2.284,1741959120000000000,1.74195912e+18
2025-03-14,QUBT,6.2162,6.4242,TP,3.347,1741959120000000000,1.74195924e+18
2025-03-17,PPTA,10.4104,10.6637,TP,2.433,1742218320000000000,1.74221898e+18
2025-03-17,INTC,25.1251,25.6194,EOD,1.967,1742218320000000000,1.7422413e+18
2025-03-18,HROW,30.9009,29.4036,SL,-4.846,1742304720000000000,1.74230472e+18
2025-03-18,TME,15.1151,14.5654,SL,-3.637,1742304720000000000,1.7423049e+18
2025-03-19,SPIR,9.4845,9.1708,SL,-3.307,1742391120000000000,1.74239112e+18
2025-03-19,PAGS,8.4735,8.2917,SL,-2.145,1742391120000000000,1.74239112e+18
2025-03-20,SPRY,13.4533,12.5097,SL,-7.014,1742477520000000000,1.74247752e+18
2025-03-20,KNOP,6.4164,6.2737,SL,-2.224,1742477520000000000,1.74247794e+18
2025-03-21,OUST,9.4394,8.8611,SL,-6.126,1742563920000000000,1.74256392e+18
2025-03-21,SCHL,20.7808,20.0799,SL,-3.373,1742563920000000000,1.74256392e+18
2025-03-24,IONQ,24.5045,23.6214,SL,-3.604,1742823120000000000,1.74282312e+18
2025-03-24,LUNR,8.4985,8.0719,SL,-5.019,1742823120000000000,1.74282414e+18
2025-03-25,PSIX,34.9148,34.0501,SL,-2.476,1742909520000000000,1.74290952e+18
2025-03-25,THC,136.126,132.9769,SL,-2.313,1742909520000000000,1.74290988e+18
2025-03-26,WOR,45.5155,44.4155,SL,-2.417,1742995920000000000,1.74299592e+18
2025-03-26,JKS,22.4624,23.1726,TP,3.162,1742995920000000000,1.74299652e+18
2025-03-27,CAR,70.11,68.1218,SL,-2.836,1743082320000000000,1.74308232e+18
2025-03-27,CNXC,54.6546,51.6633,SL,-5.473,1743082320000000000,1.74308232e+18
2025-03-28,HMY,13.6436,13.8007,TP,1.151,1743168720000000000,1.7431695e+18
2025-03-28,ZIM,15.9459,15.6943,SL,-1.578,1743168720000000000,1.7431704e+18
2025-03-31,ALMU,7.5075,7.6926,TP,2.465,1743427920000000000,1.74342798e+18
2025-03-31,CELH,35.2552,36.178,TP,2.617,1743427920000000000,1.74343086e+18
2025-04-01,NUTX,68.6904,66.5734,SL,-3.082,1743514320000000000,1.7435145e+18
2025-04-01,AU,38.3383,37.7622,SL,-1.503,1743514320000000000,1.74351726e+18
2025-04-02,CGNT,9.349,9.6031,TP,2.718,1743600720000000000,1.74360084e+18
2025-04-02,ALGT,52.4724,53.4479,TP,1.859,1743600720000000000,1.74360114e+18
2025-04-03,SBAC,230.9207,226.995,SL,-1.7,1743687120000000000,1.74368856e+18
2025-04-03,CCI,108.4083,105.9539,SL,-2.264,1743687120000000000,1.7436954e+18
2025-04-04,USAR,10.1902,9.4206,SL,-7.552,1743773520000000000,1.74377352e+18
2025-04-04,CHD,112.5825,110.5493,SL,-1.806,1743773520000000000,1.7437803e+18
2025-04-07,LPG,17.6976,18.118,TP,2.376,1744032720000000000,1.74403284e+18
2025-04-07,ZTO,18.5635,19.0201,TP,2.46,1744032720000000000,1.74403524e+18
2025-04-08,ALHC,20.8208,19.96,SL,-4.134,1744119120000000000,1.74411912e+18
2025-04-08,NEXT,6.9569,7.159,TP,2.904,1744119120000000000,1.74411942e+18
2025-04-09,AEHR,7.1271,7.3528,TP,3.167,1744205520000000000,1.74420564e+18
2025-04-09,AG,5.5756,5.4645,SL,-1.992,1744205520000000000,1.74420756e+18
2025-04-10,GDS,21.2212,21.6665,TP,2.099,1744291920000000000,1.74429276e+18
2025-04-10,TAL,10.0701,10.2504,TP,1.791,1744291920000000000,1.74429408e+18
2025-04-11,ONC,231.7165,227.9019,SL,-1.646,1744378320000000000,1.74437862e+18
2025-04-11,ZLAB,28.5285,29.2883,TP,2.663,1744378320000000000,1.74437976e+18
2025-04-14,SERV,6.011,5.8042,SL,-3.441,1744637520000000000,1.74463818e+18
2025-04-14,EH,16.006,15.6131,SL,-2.455,1744637520000000000,1.74463872e+18
2025-04-15,GRRR,19.3994,18.8831,SL,-2.661,1744723920000000000,1.74472392e+18
2025-04-15,RKLB,20.5956,21.1398,TP,2.643,1744723920000000000,1.74472446e+18
2025-04-16,MP,27.2772,26.7532,SL,-1.921,1744810320000000000,1.74481032e+18
2025-04-16,GO,15.4054,15.0449,SL,-2.34,1744810320000000000,1.74481056e+18
2025-04-17,CLPT,13.1631,13.5471,TP,2.917,1744896720000000000,1.74489726e+18
2025-04-17,GDS,21.3113,21.4086,EOD,0.456,1744896720000000000,1.7449197e+18
2025-04-21,CHA,34.7347,33.976,SL,-2.184,1745242320000000000,1.74524238e+18
2025-04-21,BVN,14.7748,14.9168,TP,0.961,1745242320000000000,1.74524268e+18
2025-04-22,PCT,5.9359,5.8142,SL,-2.051,1745328720000000000,1.74532872e+18
2025-04-22,BTDR,8.2983,8.0519,SL,-2.969,1745328720000000000,1.74532872e+18
2025-04-23,NVAX,7.3874,7.1528,SL,-3.175,1745415120000000000,1.74541512e+18
2025-04-23,VNET,5.7007,5.5594,SL,-2.478,1745415120000000000,1.7454153e+18
2025-04-24,HAS,60.3403,58.7912,SL,-2.567,1745501520000000000,1.74550152e+18
2025-04-24,HSAI,15.7758,15.1289,SL,-4.101,1745501520000000000,1.74550152e+18
2025-04-25,FPH,5.7057,5.5944,SL,-1.951,1745587920000000000,1.74558792e+18
2025-04-25,LBRDA,81.9218,83.5559,TP,1.995,1745587920000000000,1.7455887e+18
2025-04-28,ETON,17.017,16.5235,SL,-2.9,1745847120000000000,1.7458473e+18
2025-04-28,NVAX,7.3573,7.1029,SL,-3.459,1745847120000000000,1.7458476e+18
2025-04-29,KNSA,24.7347,24.4975,SL,-0.959,1745933520000000000,1.74593352e+18
2025-04-29,CHA,37.8578,36.7152,SL,-3.018,1745933520000000000,1.74593352e+18
2025-04-30,QRVO,70.07,68.0619,SL,-2.866,1746019920000000000,1.7460201e+18
2025-04-30,ODD,52.6025,55.128,TP,4.801,1746019920000000000,1.74602046e+18
2025-05-01,CLS,92.9829,90.949,SL,-2.187,1746106320000000000,1.74610668e+18
2025-05-01,UPBD,23.023,23.7063,EOD,2.968,1746106320000000000,1.7461293e+18
2025-05-02,SMMT,28.008,26.963,SL,-3.731,1746192720000000000,1.74619272e+18
2025-05-02,ASTS,25.3553,26.1971,TP,3.32,1746192720000000000,1.74619338e+18
2025-05-05,CHT,44.2392,43.4565,SL,-1.769,1746451920000000000,1.74645774e+18
2025-05-05,BCRX,10.01,10.4642,TP,4.538,1746451920000000000,1.74646332e+18
2025-05-06,RGC,116.5965,112.877,SL,-3.19,1746538320000000000,1.74653832e+18
2025-05-06,TDUP,5.8558,5.6467,SL,-3.571,1746538320000000000,1.74653832e+18
2025-05-07,EOSE,5.8809,5.7243,SL,-2.663,1746624720000000000,1.74662472e+18
2025-05-07,LIVN,41.8518,40.5827,SL,-3.032,1746624720000000000,1.74662472e+18
2025-05-08,GRPN,19.7697,19.0909,SL,-3.434,1746711120000000000,1.74671112e+18
2025-05-08,QDEL,30.7307,29.3456,SL,-4.507,1746711120000000000,1.74671112e+18
2025-05-09,OUST,10.5226,10.0101,SL,-4.871,1746797520000000000,1.74679752e+18
2025-05-09,AVPT,19.3493,18.981,SL,-1.904,1746797520000000000,1.74679752e+18
2025-05-12,FLNC,5.6406,5.3648,SL,-4.89,1747056720000000000,1.74705672e+18
2025-05-12,HELE,32.7027,31.5634,SL,-3.484,1747056720000000000,1.74705672e+18
2025-05-13,SMR,19.7972,18.9211,SL,-4.425,1747143120000000000,1.74714312e+18
2025-05-13,SHLS,5.8634,6.0976,TP,3.995,1747143120000000000,1.74714336e+18
2025-05-14,CAPR,8.0881,7.8085,SL,-3.457,1747229520000000000,1.74722952e+18
2025-05-14,SERV,9.7898,9.458,SL,-3.389,1747229520000000000,1.74723006e+18
2025-05-15,IBTA,55.9359,55.0449,SL,-1.593,1747315920000000000,1.74731592e+18
2025-05-15,ISSC,10.3103,9.9301,SL,-3.688,1747315920000000000,1.74731592e+18
2025-05-16,APLD,6.2262,6.0439,SL,-2.927,1747402320000000000,1.74740232e+18
2025-05-16,EBS,6.1061,6.3234,TP,3.559,1747402320000000000,1.74740244e+18
2025-05-19,MRNA,26.3063,25.8242,SL,-1.833,1747661520000000000,1.74766152e+18
2025-05-19,ZIM,19.6897,20.2679,TP,2.937,1747661520000000000,1.74766212e+18
2025-05-20,AGYS,90.3402,87.5374,SL,-3.103,1747747920000000000,1.74774792e+18
2025-05-20,SNDX,10.3003,10.5548,TP,2.471,1747747920000000000,1.74774852e+18
2025-05-21,ASPI,7.9079,7.5924,SL,-3.99,1747834320000000000,1.74783432e+18
2025-05-21,XPEV,22.2122,21.2987,SL,-4.113,1747834320000000000,1.74783432e+18
2025-05-22,SERV,10.8008,10.2897,SL,-4.732,1747920720000000000,1.74792072e+18
2025-05-22,TITN,22.5425,23.2807,TP,3.274,1747920720000000000,1.74792084e+18
2025-05-23,ASPI,8.4054,8.0919,SL,-3.73,1748007120000000000,1.74800712e+18
2025-05-23,LTBR,12.8028,12.2078,SL,-4.648,1748007120000000000,1.74800712e+18
2025-05-27,BKKT,11.8118,11.3857,SL,-3.607,1748352720000000000,1.74835272e+18
2025-05-27,WRD,10.4104,9.8901,SL,-4.998,1748352720000000000,1.74835272e+18
2025-05-28,HEI,291.6013,286.3134,SL,-1.813,1748439120000000000,1.74843912e+18
2025-05-28,BOX,36.036,34.995,SL,-2.889,1748439120000000000,1.74843912e+18
2025-05-29,CTEV,31.7717,28.3866,SL,-10.655,1748525520000000000,1.74852552e+18
2025-05-29,AI,28.6894,27.7023,SL,-3.441,1748525520000000000,1.74852552e+18
2025-05-30,TSSI,12.6727,13.0693,TP,3.13,1748611920000000000,1.7486121e+18
2025-05-30,INOD,41.1011,42.3163,TP,2.957,1748611920000000000,1.7486121e+18
2025-06-02,LYEL,9.4094,8.7512,SL,-6.995,1748871120000000000,1.74887112e+18
2025-06-02,RCAT,6.977,6.8132,SL,-2.348,1748871120000000000,1.74887124e+18
2025-06-03,CRDO,79.7195,76.2037,SL,-4.41,1748957520000000000,1.74895764e+18
2025-06-03,SMR,35.4855,34.0359,SL,-4.085,1748957520000000000,1.74895776e+18
2025-06-04,ASTS,26.9769,26.2737,SL,-2.607,1749043920000000000,1.74904392e+18
2025-06-04,APLD,11.6016,11.0789,SL,-4.505,1749043920000000000,1.74904392e+18
2025-06-05,NBIS,44.044,42.8571,SL,-2.695,1749130320000000000,1.74913038e+18
2025-06-05,FSM,7.2522,7.4481,TP,2.701,1749130320000000000,1.7491308e+18
2025-06-06,FCEL,6.0861,5.6321,SL,-7.46,1749216720000000000,1.74921672e+18
2025-06-06,BKKT,15.015,14.5055,SL,-3.393,1749216720000000000,1.74921672e+18
2025-06-09,FCEL,7.7966,7.4218,SL,-4.807,1749475920000000000,1.74947592e+18
2025-06-09,NVTS,7.0671,6.7832,SL,-4.017,1749475920000000000,1.74947592e+18
2025-06-10,QUBT,16.4264,15.6743,SL,-4.579,1749562320000000000,1.74956232e+18
2025-06-10,SEDG,20.2202,19.6303,SL,-2.917,1749562320000000000,1.74956256e+18
2025-06-11,NVTS,9.1091,8.7213,SL,-4.258,1749648720000000000,1.74964872e+18
2025-06-11,OKLO,54.2494,55.2848,TP,1.909,1749648720000000000,1.74964902e+18
2025-06-12,AAOI,19.1091,17.8272,SL,-6.709,1749735120000000000,1.74973512e+18
2025-06-12,TAC,11.2813,11.0589,SL,-1.971,1749735120000000000,1.74973512e+18
2025-06-13,FLOC,20.02,19.3107,SL,-3.543,1749821520000000000,1.74982158e+18
2025-06-13,URGN,12.2522,11.8381,SL,-3.38,1749821520000000000,1.74982182e+18
2025-06-16,OKLO,71.2254,68.3345,SL,-4.059,1750080720000000000,1.75008072e+18
2025-06-16,NNE,33.5335,32.8072,SL,-2.166,1750080720000000000,1.75008072e+18
2025-06-17,JBL,198.218,194.9121,SL,-1.668,1750167120000000000,1.75016712e+18
2025-06-17,FEIM,24.7948,23.0369,SL,-7.09,1750167120000000000,1.75016712e+18
2025-06-18,USAR,12.5125,12.2977,SL,-1.717,1750253520000000000,1.75025358e+18
2025-06-18,ADUR,10.3103,10.5797,TP,2.612,1750253520000000000,1.75025448e+18
2025-06-20,GRRR,25.165,24.2533,SL,-3.623,1750426320000000000,1.75042632e+18
2025-06-20,KR,69.4694,70.8314,TP,1.961,1750426320000000000,1.75043136e+18
2025-06-23,SCHL,22.022,21.2337,SL,-3.579,1750685520000000000,1.75068558e+18
2025-06-23,PHOE,8.8088,9.0565,TP,2.812,1750685520000000000,1.75068564e+18
2025-06-24,NBIS,51.3012,50.2597,SL,-2.03,1750771920000000000,1.75077192e+18
2025-06-24,GRRR,23.3233,22.3596,SL,-4.132,1750771920000000000,1.75077198e+18
2025-06-25,AVAV,232.0718,238.9924,TP,2.982,1750858320000000000,1.75085844e+18
2025-06-25,TMC,7.988,7.6923,SL,-3.702,1750858320000000000,1.75085862e+18
2025-06-26,BKSY,20.01,19.155,SL,-4.273,1750944720000000000,1.75094472e+18
2025-06-26,TWI,9.7297,10.0016,TP,2.794,1750944720000000000,1.7509449e+18
2025-06-27,EVEX,6.5365,6.2937,SL,-3.715,1751031120000000000,1.75103112e+18
2025-06-27,SNAP,8.5285,8.7109,TP,2.138,1751031120000000000,1.75103154e+18
2025-06-30,FLNC,6.8118,6.5934,SL,-3.206,1751290320000000000,1.75129032e+18
2025-06-30,MGNI,22.9379,23.6605,TP,3.15,1751290320000000000,1.75129314e+18
2025-07-01,MUX,10.4905,10.2897,SL,-1.914,1751376720000000000,1.75137684e+18
2025-07-01,EXK,5.1151,5.1784,TP,1.237,1751376720000000000,1.7513787e+18
2025-07-02,VNET,7.047,6.8931,SL,-2.184,1751463120000000000,1.75146318e+18
2025-07-02,ENVX,10.991,11.2859,TP,2.683,1751463120000000000,1.7514636e+18
2025-07-03,CIFR,6.0961,5.8841,SL,-3.477,1751549520000000000,1.75154952e+18
2025-07-03,RGC,11.4715,11.9344,TP,4.036,1751549520000000000,1.75154964e+18
2025-07-07,RGC,27.027,28.8313,TP,6.676,1751895120000000000,1.7518953e+18
2025-07-07,COGT,9.98,9.4405,SL,-5.405,1751895120000000000,1.75189542e+18
2025-07-08,BKSY,24.7547,23.7762,SL,-3.953,1751981520000000000,1.75198152e+18
2025-07-08,BBAI,8.5786,8.1918,SL,-4.509,1751981520000000000,1.75198152e+18
2025-07-09,NTLA,12.1521,11.5524,SL,-4.935,1752067920000000000,1.75206792e+18
2025-07-09,CDNA,20.8008,20.24,SL,-2.696,1752067920000000000,1.75206792e+18
2025-07-10,UUUU,6.5666,6.3986,SL,-2.558,1752154320000000000,1.75215444e+18
2025-07-10,TMC,7.0794,6.7732,SL,-4.325,1752154320000000000,1.7521545e+18
2025-07-11,KTOS,51.2212,50.0499,SL,-2.287,1752240720000000000,1.75224072e+18
2025-07-11,PDYN,9.5595,9.2607,SL,-3.126,1752240720000000000,1.75224072e+18
2025-07-14,METC,19.3243,18.5414,SL,-4.051,1752499920000000000,1.75249992e+18
2025-07-14,ISSC,14.6847,14.3057,SL,-2.581,1752499920000000000,1.7525001e+18
2025-07-15,PDYN,10.3904,9.9901,SL,-3.852,1752586320000000000,1.75258632e+18
2025-07-15,MP,56.2061,59.1175,TP,5.18,1752586320000000000,1.7525889e+18
2025-07-16,BKKT,19.2192,18.5914,SL,-3.267,1752672720000000000,1.75267272e+18
2025-07-16,CIFR,6.4616,6.2637,SL,-3.062,1752672720000000000,1.75267302e+18
2025-07-17,AIR,82.4924,80.2466,SL,-2.722,1752759120000000000,1.75275912e+18
2025-07-17,PDYN,11.2913,10.7093,SL,-5.154,1752759120000000000,1.75275918e+18
2025-07-18,NEGG,34.5045,35.7656,TP,3.655,1752845520000000000,1.75284564e+18
2025-07-18,MTRN,93.8237,94.1058,EOD,0.301,1752845520000000000,1.7528685e+18
2025-07-21,RUM,11.001,10.3596,SL,-5.83,1753104720000000000,1.75310472e+18
2025-07-21,TSSI,25.4855,24.7053,SL,-3.061,1753104720000000000,1.75310478e+18
2025-07-22,DQ,23.3633,22.7173,SL,-2.765,1753191120000000000,1.75319112e+18
2025-07-22,FTRE,5.2552,5.1448,SL,-2.101,1753191120000000000,1.75319112e+18
2025-07-23,OKLO,65.9158,64.4655,SL,-2.2,1753277520000000000,1.75327752e+18
2025-07-23,CALM,118.6944,122.4053,TP,3.126,1753277520000000000,1.7532777e+18
2025-07-24,SGMT,11.001,10.6893,SL,-2.833,1753363920000000000,1.75336392e+18
2025-07-24,IPX,40.5405,40.8191,EOD,0.687,1753363920000000000,1.7533869e+18
2025-07-25,BELFB,112.112,115.0784,TP,2.646,1753450320000000000,1.7534508e+18
2025-07-25,NEM,65.9158,64.4441,SL,-2.233,1753450320000000000,1.75345812e+18
2025-07-28,TRON,10.8108,10.4197,SL,-3.618,1753709520000000000,1.75370952e+18
2025-07-28,ZLAB,38.9689,38.3616,SL,-1.558,1753709520000000000,1.75373118e+18
2025-07-29,CLS,196.6965,192.6771,SL,-2.043,1753795920000000000,1.75379592e+18
2025-07-29,SNPS,634.4238,634.9694,EOD,0.086,1753795920000000000,1.7538189e+18
2025-07-30,SRPT,19.2592,18.5714,SL,-3.571,1753882320000000000,1.75388232e+18
2025-07-30,CMPR,56.3363,54.4355,SL,-3.374,1753882320000000000,1.75388274e+18
2025-07-31,ALHC,15.7758,15.4745,SL,-1.91,1753968720000000000,1.75396872e+18
2025-07-31,CGNX,41.041,40.4432,SL,-1.457,1753968720000000000,1.75396872e+18
2025-08-01,APPF,305.305,290.9987,SL,-4.686,1754055120000000000,1.75405512e+18
2025-08-01,TILE,25.0249,24.021,SL,-4.012,1754055120000000000,1.75405512e+18
2025-08-04,JOBY,19.4895,18.9111,SL,-2.968,1754314320000000000,1.75431432e+18
2025-08-04,FTRE,6.6717,6.8817,TP,3.148,1754314320000000000,1.7543145e+18
2025-08-05,AXON,874.874,844.0663,SL,-3.521,1754400720000000000,1.75440072e+18
2025-08-05,TDW,57.7076,55.7442,SL,-3.402,1754400720000000000,1.75440072e+18
2025-08-06,CRCT,6.2362,5.9554,SL,-4.503,1754487120000000000,1.75448712e+18
2025-08-06,LEU,252.2019,243.0003,SL,-3.649,1754487120000000000,1.75448712e+18
2025-08-07,PGY,41.5215,38.7512,SL,-6.672,1754573520000000000,1.75457352e+18
2025-08-07,MQ,6.7918,6.5584,SL,-3.436,1754573520000000000,1.75457352e+18
2025-08-08,WLDN,106.6405,105.0848,SL,-1.459,1754659920000000000,1.75465998e+18
2025-08-08,CCSI,24.5836,25.4199,TP,3.402,1754659920000000000,1.7546601e+18
2025-08-11,AMPH,26.4564,25.4495,SL,-3.806,1754919120000000000,1.75491912e+18
2025-08-11,ELA,6.5803,6.8156,TP,3.576,1754919120000000000,1.75491918e+18
2025-08-12,MRCY,60.2902,58.961,SL,-2.205,1755005520000000000,1.75500552e+18
2025-08-12,ASTS,54.5645,52.7472,SL,-3.331,1755005520000000000,1.75500558e+18
2025-08-13,WBTN,14.9649,13.4465,SL,-10.146,1755091920000000000,1.75509192e+18
2025-08-13,CRNC,12.2022,11.8287,SL,-3.061,1755091920000000000,1.75509192e+18
2025-08-14,EQX,7.5817,7.3526,SL,-3.021,1755178320000000000,1.75517832e+18
2025-08-14,KE,23.9139,23.1768,SL,-3.082,1755178320000000000,1.75517868e+18
2025-08-15,XNET,6.2763,6.0939,SL,-2.906,1755264720000000000,1.75526472e+18
2025-08-15,EVLV,8.7864,8.5315,SL,-2.901,1755264720000000000,1.75526472e+18
2025-08-18,KYIV,12.8829,12.5075,SL,-2.914,1755523920000000000,1.75552392e+18
2025-08-18,ALVO,8.6887,8.3715,SL,-3.65,1755523920000000000,1.75552392e+18
2025-08-19,EOLS,7.1221,7.023,SL,-1.392,1755610320000000000,1.75561494e+18
2025-08-19,SSYS,10.2602,9.96,SL,-2.926,1755610320000000000,1.75561548e+18
2025-08-20,SD,11.011,10.8392,SL,-1.561,1755696720000000000,1.75570116e+18
2025-08-20,SFL,7.9279,8.037,EOD,1.375,1755696720000000000,1.7557197e+18
2025-08-21,NEGG,128.0279,122.0978,SL,-4.632,1755783120000000000,1.75578312e+18
2025-08-21,CPS,31.031,30.2647,SL,-2.469,1755783120000000000,1.7557839e+18
2025-08-22,SUPX,41.5962,40.6993,SL,-2.156,1755869520000000000,1.75586976e+18
2025-08-22,ACMR,29.9099,30.957,TP,3.501,1755869520000000000,1.75587e+18
2025-08-25,AEHR,23.1832,22.5974,SL,-2.527,1756128720000000000,1.75612872e+18
2025-08-25,SUPX,47.5374,45.2547,SL,-4.802,1756128720000000000,1.75612878e+18
2025-08-26,SUPX,72.072,67.2127,SL,-6.742,1756215120000000000,1.75621512e+18
2025-08-26,UUUU,12.1719,12.5749,TP,3.312,1756215120000000000,1.75621662e+18
2025-08-27,GOOS,13.8939,13.5265,SL,-2.644,1756301520000000000,1.75630182e+18
2025-08-27,RBRK,87.2872,88.3458,TP,1.213,1756301520000000000,1.75631874e+18
2025-08-28,VERB,17.2172,16.6999,SL,-3.005,1756387920000000000,1.75638792e+18
2025-08-28,RGTI,16.1061,16.5105,TP,2.511,1756387920000000000,1.75638852e+18
2025-08-29,AMBA,93.5334,90.3695,SL,-3.383,1756474320000000000,1.75647432e+18
2025-08-29,NXE,8.2783,8.0819,SL,-2.372,1756474320000000000,1.75647438e+18
2025-09-02,MUX,12.8328,13.2111,TP,2.948,1756819920000000000,1.75681998e+18
2025-09-02,IONS,51.5515,53.2719,TP,3.337,1756819920000000000,1.75682022e+18
2025-09-03,TGTX,32.4875,31.8248,SL,-2.04,1756906320000000000,1.75690632e+18
2025-09-03,ELVA,6.4064,6.2338,SL,-2.695,1756906320000000000,1.75690638e+18
2025-09-04,SNDK,59.4594,57.9124,SL,-2.602,1756992720000000000,1.75699272e+18
2025-09-04,CRVS,5.8759,6.034,TP,2.691,1756992720000000000,1.7569929e+18
2025-09-05,ZUMZ,21.5215,20.3896,SL,-5.259,1757079120000000000,1.75707912e+18
2025-09-05,NEGG,45.045,46.6117,TP,3.478,1757079120000000000,1.75707918e+18
2025-09-08,GSAT,35.4354,34.6453,SL,-2.23,1757338320000000000,1.75733832e+18
2025-09-08,HSAI,30.02,28.8234,SL,-3.986,1757338320000000000,1.75733856e+18
2025-09-09,TMDX,117.5274,114.5354,SL,-2.546,1757424720000000000,1.7574249e+18
2025-09-09,CRWV,100.4804,102.9087,TP,2.417,1757424720000000000,1.75742502e+18
2025-09-10,SEI,28.1781,27.0891,SL,-3.865,1757511120000000000,1.75751112e+18
2025-09-10,DAKT,21.4254,20.6393,SL,-3.669,1757511120000000000,1.75751112e+18
2025-09-11,RZLV,6.9269,7.1582,TP,3.339,1757597520000000000,1.75759776e+18
2025-09-11,RCAT,9.8098,10.0687,TP,2.639,1757597520000000000,1.75759806e+18
2025-09-12,EXK,6.3764,6.2787,SL,-1.532,1757683920000000000,1.75768392e+18
2025-09-12,JKS,24.8253,24.965,EOD,0.563,1757683920000000000,1.7577069e+18
2025-09-15,RZLV,7.5075,7.1429,SL,-4.857,1757943120000000000,1.75794312e+18
2025-09-15,TSAT,25.392,26.3179,TP,3.647,1757943120000000000,1.75794318e+18
2025-09-16,FLNC,8.2713,7.9022,SL,-4.462,1758029520000000000,1.75802952e+18
2025-09-16,JMIA,11.8819,11.4485,SL,-3.647,1758029520000000000,1.75802952e+18
2025-09-17,HTZ,6.3263,6.4118,TP,1.352,1758115920000000000,1.75811628e+18
2025-09-17,PEB,11.9319,11.6134,SL,-2.67,1758115920000000000,1.75811946e+18
2025-09-18,GPRE,10.3164,10.5721,TP,2.478,1758202320000000000,1.75820292e+18
2025-09-18,NTLA,13.7237,14.0644,TP,2.483,1758202320000000000,1.75820292e+18
2025-09-19,FVRR,26.7267,26.1338,SL,-2.218,1758288720000000000,1.75828872e+18
2025-09-19,SGML,6.3864,6.1638,SL,-3.485,1758288720000000000,1.7582961e+18
2025-09-22,IRS,12.9429,12.7572,SL,-1.435,1758547920000000000,1.75854798e+18
2025-09-22,TEM,96.9969,94.0379,SL,-3.051,1758547920000000000,1.75854846e+18
2025-09-23,PDFS,25.6356,24.965,SL,-2.616,1758634320000000000,1.75863432e+18
2025-09-23,UAMY,7.5976,7.8703,TP,3.59,1758634320000000000,1.75863498e+18
2025-09-24,SGML,6.7567,6.5355,SL,-3.275,1758720720000000000,1.75872102e+18
2025-09-24,FLNC,11.1099,11.4066,TP,2.67,1758720720000000000,1.7587212e+18
2025-09-25,QURE,54.9308,52.2377,SL,-4.903,1758807120000000000,1.75880712e+18
2025-09-25,AMRC,34.3243,33.7163,SL,-1.771,1758807120000000000,1.75880712e+18
2025-09-26,PPTA,21.5614,20.8591,SL,-3.257,1758893520000000000,1.75889352e+18
2025-09-26,SKYT,17.017,16.5934,SL,-2.489,1758893520000000000,1.7588943e+18
2025-09-29,ONDS,8.4584,8.1219,SL,-3.979,1759152720000000000,1.7591529e+18
2025-09-29,WDC,115.4153,116.5833,EOD,1.012,1759152720000000000,1.7591757e+18
2025-09-30,VOR,44.024,43.1668,SL,-1.947,1759239120000000000,1.75923912e+18
2025-09-30,CRWV,138.8187,136.2836,EOD,-1.826,1759239120000000000,1.7592621e+18
2025-10-01,UAMY,7.2572,7.0929,SL,-2.265,1759325520000000000,1.75932552e+18
2025-10-01,RUN,19.6296,18.6913,SL,-4.78,1759325520000000000,1.75932552e+18
2025-10-02,GDS,43.2932,42.5774,SL,-1.654,1759411920000000000,1.75941258e+18
2025-10-02,APLD,27.4374,26.4935,SL,-3.44,1759411920000000000,1.75941336e+18
2025-10-03,RZLV,7.1371,6.9231,SL,-2.999,1759498320000000000,1.75949832e+18
2025-10-03,NNNN,27.6276,28.3705,TP,2.689,1759498320000000000,1.75949844e+18
2025-10-06,LTBR,24.5222,23.5664,SL,-3.898,1759757520000000000,1.75975752e+18
2025-10-06,CRML,12.4024,12.8505,TP,3.613,1759757520000000000,1.75975782e+18
2025-10-07,POET,7.0871,6.8232,SL,-3.724,1759843920000000000,1.75984392e+18
2025-10-07,UUUU,17.9579,17.5424,SL,-2.314,1759843920000000000,1.75984428e+18
2025-10-08,QS,17.7677,17.2827,SL,-2.73,1759930320000000000,1.75993032e+18
2025-10-08,RKLB,68.2982,66.1738,SL,-3.111,1759930320000000000,1.75993062e+18
2025-10-09,KRT,24.8753,25.5087,TP,2.547,1760016720000000000,1.76001684e+18
2025-10-09,CRML,13.3834,13.8177,TP,3.246,1760016720000000000,1.76001708e+18
2025-10-10,ABAT,6.7038,6.5335,SL,-2.541,1760103120000000000,1.76010312e+18
2025-10-10,CIFR,19.5996,19.0558,SL,-2.774,1760103120000000000,1.76010312e+18
2025-10-13,FLNC,14.7948,14.4555,SL,-2.293,1760362320000000000,1.76036232e+18
2025-10-13,ABAT,8.4985,8.1918,SL,-3.609,1760362320000000000,1.76036232e+18
2025-10-14,PII,66.4964,68.1023,TP,2.415,1760448720000000000,1.76044884e+18
2025-10-14,DLO,14.9549,14.6853,SL,-1.803,1760448720000000000,1.76044902e+18
2025-10-15,VELO,8.2983,7.9222,SL,-4.533,1760535120000000000,1.76053512e+18
2025-10-15,PPTA,30.9609,30.2198,SL,-2.394,1760535120000000000,1.76053512e+18
2025-10-16,SLI,5.976,5.8042,SL,-2.875,1760621520000000000,1.76062152e+18
2025-10-16,GRAL,84.8948,81.918,SL,-3.506,1760621520000000000,1.76062152e+18
2025-10-17,PRAX,203.7786,193.4064,SL,-5.09,1760707920000000000,1.76070792e+18
2025-10-17,ATAI,5.8258,5.6394,SL,-3.201,1760707920000000000,1.76070972e+18
2025-10-20,GRAL,98.6586,96.1438,SL,-2.549,1760967120000000000,1.76096712e+18
2025-10-20,RXRX,6.6464,6.4835,SL,-2.451,1760967120000000000,1.76096712e+18
2025-10-21,GSIT,17.007,16.2837,SL,-4.253,1761053520000000000,1.76105352e+18
2025-10-21,VICR,65.055,63.6663,SL,-2.135,1761053520000000000,1.76105352e+18
2025-10-22,WGO,40.8208,39.6703,SL,-2.818,1761139920000000000,1.76113992e+18
2025-10-22,RZLT,9.6928,9.4725,SL,-2.272,1761139920000000000,1.76113992e+18
2025-10-23,CRS,274.304,281.4766,TP,2.615,1761226320000000000,1.76122668e+18
2025-10-23,HLX,7.7577,7.4673,SL,-3.744,1761226320000000000,1.7612289e+18
2025-10-24,INBX,53.5135,50.949,SL,-4.792,1761312720000000000,1.76131272e+18
2025-10-24,SGMT,8.1682,7.9322,SL,-2.889,1761312720000000000,1.76131272e+18
2025-10-27,KYTX,8.4484,8.2318,SL,-2.565,1761571920000000000,1.76157192e+18
2025-10-27,GSIT,10.5104,10.0699,SL,-4.191,1761571920000000000,1.76157192e+18
2025-10-28,FRMI,26.9874,26.3736,SL,-2.274,1761658320000000000,1.76165832e+18
2025-10-28,QRVO,104.6203,101.7781,SL,-2.717,1761658320000000000,1.76165838e+18
2025-10-29,VNET,11.5716,11.2487,SL,-2.79,1761744720000000000,1.76174472e+18
2025-10-29,CSIQ,17.4474,16.8232,SL,-3.578,1761744720000000000,1.76174472e+18
2025-10-30,TECX,25.2752,24.016,SL,-4.982,1761831120000000000,1.76183112e+18
2025-10-30,EBS,11.6116,11.3174,SL,-2.534,1761831120000000000,1.76183112e+18
2025-10-31,AXTI,9.1291,8.8712,SL,-2.825,1761917520000000000,1.76191752e+18
2025-10-31,FSLR,259.259,253.3564,SL,-2.277,1761917520000000000,1.76191752e+18
2025-11-03,AXTI,9.1892,8.9211,SL,-2.918,1762180320000000000,1.7621805e+18
2025-11-03,AMKR,35.0951,36.0868,TP,2.826,1762180320000000000,1.76218104e+18
2025-11-04,BVS,8.2683,7.9421,SL,-3.945,1762266720000000000,1.76226672e+18
2025-11-04,AHCO,9.7347,9.9891,TP,2.613,1762266720000000000,1.76226678e+18
2025-11-05,FTRE,12.3874,12.028,SL,-2.901,1762353120000000000,1.76235318e+18
2025-11-05,VCYT,42.1321,43.575,TP,3.425,1762353120000000000,1.7623533e+18
2025-11-06,SITM,355.355,339.5801,SL,-4.439,1762439520000000000,1.76243952e+18
2025-11-06,EQX,12.1421,11.8232,SL,-2.627,1762439520000000000,1.76244234e+18
2025-11-07,FLGT,26.7567,26.2138,SL,-2.029,1762525920000000000,1.76252592e+18
2025-11-07,GCT,28.9289,28.0919,SL,-2.893,1762525920000000000,1.76252592e+18
2025-11-10,SKYT,21.4714,20.2597,SL,-5.643,1762785120000000000,1.76278512e+18
2025-11-10,PSNL,8.4985,8.0719,SL,-5.019,1762785120000000000,1.76278512e+18
2025-11-11,CAPR,6.3163,5.9141,SL,-6.368,1762871520000000000,1.76287152e+18
2025-11-11,PUBM,9.98,9.6703,SL,-3.103,1762871520000000000,1.76287152e+18
2025-11-12,BBAI,6.8769,6.5734,SL,-4.413,1762957920000000000,1.76295792e+18
2025-11-12,PERI,10.3941,10.6486,TP,2.448,1762957920000000000,1.7629581e+18
2025-11-13,SPB,61.5615,60.0948,SL,-2.382,1763044320000000000,1.76304432e+18
2025-11-13,SGML,6.2963,6.1339,SL,-2.58,1763044320000000000,1.76304432e+18
2025-11-14,OMER,6.9541,6.6434,SL,-4.469,1763130720000000000,1.76313072e+18
2025-11-14,SEPN,20.5305,20.1298,SL,-1.952,1763130720000000000,1.76313114e+18
2025-11-17,ZIM,16.8668,16.6334,SL,-1.384,1763389920000000000,1.76338992e+18
2025-11-17,ANRO,13.5135,14.005,TP,3.637,1763389920000000000,1.76339658e+18
2025-11-18,LGN,43.1381,42.3676,SL,-1.786,1763476320000000000,1.76347632e+18
2025-11-18,ALMS,6.3063,6.1039,SL,-3.21,1763476320000000000,1.76347632e+18
2025-11-19,SGML,9.5095,9.0909,SL,-4.402,1763562720000000000,1.76356272e+18
2025-11-19,GOGO,7.5976,7.3883,SL,-2.755,1763562720000000000,1.76356272e+18
2025-11-20,NUTX,139.2091,131.0688,SL,-5.848,1763649120000000000,1.76364912e+18
2025-11-20,LQDT,27.1867,26.6283,SL,-2.054,1763649120000000000,1.76364966e+18
2025-11-21,DCTH,9.0891,8.8376,SL,-2.767,1763735520000000000,1.76373552e+18
2025-11-21,ROST,170.6912,173.6562,EOD,1.737,1763735520000000000,1.7637585e+18
2025-11-24,MFI,15.6014,13.986,SL,-10.354,1763994720000000000,1.76399472e+18
2025-11-24,WRD,8.0705,7.7352,SL,-4.155,1763994720000000000,1.76399472e+18
2025-11-25,SGML,11.5515,11.1388,SL,-3.573,1764081120000000000,1.76408112e+18
2025-11-25,KSS,20.3303,19.6214,SL,-3.487,1764081120000000000,1.76408112e+18
2025-11-26,TSSI,9.1091,8.8012,SL,-3.38,1764167520000000000,1.76416752e+18
2025-11-26,SUPX,24.5245,25.3605,TP,3.409,1764167520000000000,1.76416758e+18
2025-11-28,MFI,23.2646,22.4775,SL,-3.383,1764340320000000000,1.76434032e+18
2025-11-28,SNDK,234.6644,229.3019,SL,-2.285,1764340320000000000,1.76434032e+18
2025-12-01,BHC,6.7918,6.6434,SL,-2.186,1764599520000000000,1.76459952e+18
2025-12-01,ASH,55.3353,56.5606,TP,2.214,1764599520000000000,1.7646006e+18
2025-12-02,AXTI,11.992,11.6384,SL,-2.949,1764685920000000000,1.76468604e+18
2025-12-02,BE,103.7536,106.4421,TP,2.591,1764685920000000000,1.76468616e+18
2025-12-03,KODK,8.4935,8.2417,SL,-2.964,1764772320000000000,1.7647725e+18
2025-12-03,GENI,11.1161,11.4121,TP,2.663,1764772320000000000,1.76477346e+18
2025-12-04,PATH,16.6666,15.984,SL,-4.096,1764858720000000000,1.76485872e+18
2025-12-04,SAIC,97.077,100.701,TP,3.733,1764858720000000000,1.7648589e+18
2025-12-05,IOT,44.7247,43.5506,SL,-2.625,1764945120000000000,1.76494512e+18
2025-12-05,VNDA,5.6857,5.5944,SL,-1.605,1764945120000000000,1.76494512e+18
2025-12-08,DYN,23.013,22.1328,SL,-3.825,1765204320000000000,1.76520432e+18
2025-12-08,OCUL,15.4454,15.025,SL,-2.722,1765204320000000000,1.76520438e+18
2025-12-09,KDK,7.0507,6.8659,SL,-2.621,1765290720000000000,1.76529078e+18
2025-12-09,VITL,33.4863,32.967,SL,-1.551,1765290720000000000,1.76530296e+18
2025-12-10,PLAB,36.3563,34.5454,SL,-4.981,1765377120000000000,1.76537712e+18
2025-12-10,SATS,99.6394,97.6173,SL,-2.029,1765377120000000000,1.76537712e+18
2025-12-11,SUPX,20.2502,19.7203,SL,-2.617,1765463520000000000,1.76546352e+18
2025-12-11,RYTM,115.8657,119.349,TP,3.006,1765463520000000000,1.76546382e+18
2025-12-12,YOU,39.99,39.2557,SL,-1.836,1765549920000000000,1.76554992e+18
2025-12-12,RIVN,17.308,17.7316,TP,2.447,1765549920000000000,1.76555016e+18
2025-12-15,GLSI,13.6937,12.987,SL,-5.161,1765809120000000000,1.76580912e+18
2025-12-15,AXTI,15.9459,16.4802,TP,3.35,1765809120000000000,1.76580948e+18
2025-12-16,GLUE,18.6386,17.4825,SL,-6.203,1765895520000000000,1.76589552e+18
2025-12-16,IONQ,47.9479,47.1936,SL,-1.573,1765895520000000000,1.76589552e+18
2025-12-17,QURE,24.2042,23.6863,SL,-2.14,1765981920000000000,1.76598192e+18
2025-12-17,SGML,11.992,11.6883,SL,-2.532,1765981920000000000,1.76598216e+18
2025-12-18,TLRY,14.2542,13.8618,SL,-2.753,1766068320000000000,1.76606832e+18
2025-12-18,TE,6.2062,6.034,SL,-2.775,1766068320000000000,1.76606838e+18
2025-12-19,VLRS,9.9199,9.6304,SL,-2.919,1766154720000000000,1.76615472e+18
2025-12-19,FJET,10.3403,8.9211,SL,-13.725,1766154720000000000,1.76615502e+18
2025-12-22,SGML,13.6737,13.0429,SL,-4.613,1766413920000000000,1.76641392e+18
2025-12-22,FJET,8.5085,8.988,TP,5.635,1766413920000000000,1.7664141e+18
2025-12-23,HYMC,27.057,25.6843,SL,-5.074,1766500320000000000,1.76650056e+18
2025-12-23,CRML,8.5085,8.725,TP,2.545,1766500320000000000,1.76650086e+18
2025-12-24,EWTX,25.025,23.2089,SL,-7.257,1766586720000000000,1.76658672e+18
2025-12-24,TVTX,37.4873,36.2637,SL,-3.264,1766586720000000000,1.76658672e+18
2025-12-26,SHMD,5.7257,5.5409,SL,-3.229,1766759520000000000,1.76675952e+18
2025-12-26,EXK,10.2302,9.94,SL,-2.836,1766759520000000000,1.76675994e+18
2025-12-29,OPRA,14.9649,14.7128,SL,-1.685,1767018720000000000,1.7670201e+18
2025-12-29,NOG,21.7517,21.7992,EOD,0.218,1767018720000000000,1.7670417e+18
2025-12-30,ACMR,43.2932,42.6873,SL,-1.4,1767105120000000000,1.76710512e+18
2025-12-30,AXTI,16.016,16.5162,TP,3.123,1767105120000000000,1.7671053e+18
2025-12-31,DJT,13.2733,13.087,SL,-1.403,1767191520000000000,1.76719152e+18
2025-12-31,AXSM,166.2461,170.6953,TP,2.676,1767191520000000000,1.76719212e+18
2026-01-02,GDS,38.2382,37.4365,SL,-2.097,1767364320000000000,1.76736432e+18
2026-01-02,SKYT,19.9699,19.403,SL,-2.839,1767364320000000000,1.76736432e+18
2026-01-05,CRML,9.1892,9.021,SL,-1.831,1767623520000000000,1.76762352e+18
2026-01-05,WFRD,89.1691,88.4215,EOD,-0.838,1767623520000000000,1.7676465e+18
2026-01-06,SNDK,305.1749,298.7909,SL,-2.092,1767709920000000000,1.76770992e+18
2026-01-06,SPIR,9.1491,8.7712,SL,-4.131,1767709920000000000,1.76770992e+18
2026-01-07,CRML,13.5836,12.906,SL,-4.988,1767796320000000000,1.76779632e+18
2026-01-07,RGC,38.2612,36.983,SL,-3.341,1767796320000000000,1.76779632e+18
2026-01-08,OSS,9.3593,9.0659,SL,-3.135,1767882720000000000,1.76788272e+18
2026-01-08,APLD,33.7337,32.1879,SL,-4.582,1767882720000000000,1.76788272e+18
2026-01-09,MLTX,15.9732,15.4979,SL,-2.975,1767969120000000000,1.76796912e+18
2026-01-09,ARDX,7.6076,7.4425,SL,-2.17,1767969120000000000,1.7679699e+18
2026-01-12,BEAM,31.6316,30.2997,SL,-4.211,1768228320000000000,1.76822832e+18
2026-01-12,ZBIO,17.7878,18.3532,TP,3.179,1768228320000000000,1.76822838e+18
2026-01-13,AMD,220.4202,217.4324,SL,-1.356,1768314720000000000,1.76831472e+18
2026-01-13,ELVR,69.069,66.9436,SL,-3.077,1768314720000000000,1.76831526e+18
2026-01-14,EMAT,10.7597,10.4795,SL,-2.605,1768401120000000000,1.76840112e+18
2026-01-14,RGC,36.1691,34.8252,SL,-3.716,1768401120000000000,1.76840136e+18
2026-01-15,RILYZ,16.8168,17.31,TP,2.933,1768487520000000000,1.76848764e+18
2026-01-15,RILYT,18.6086,19.1211,TP,2.754,1768487520000000000,1.76848776e+18
2026-01-16,FLY,32.7307,31.928,SL,-2.452,1768573920000000000,1.76857392e+18
2026-01-16,ONDS,14.014,13.6963,SL,-2.267,1768573920000000000,1.76857392e+18
2026-01-20,ACHC,12.8428,12.6074,SL,-1.833,1768919520000000000,1.76891952e+18
2026-01-20,CGAU,18.068,18.0569,EOD,-0.062,1768919520000000000,1.7689425e+18
2026-01-21,USAR,20.4404,19.93,SL,-2.497,1769005920000000000,1.76900592e+18
2026-01-21,SERV,14.4043,14.1068,SL,-2.065,1769005920000000000,1.76900622e+18
2026-01-22,NUAI,7.968,7.7223,SL,-3.083,1769092320000000000,1.76909232e+18
2026-01-22,SLDP,5.8108,5.6743,SL,-2.349,1769092320000000000,1.76909232e+18
2026-01-23,QURE,24.5245,25.0795,TP,2.263,1769178720000000000,1.7691789e+18
2026-01-23,ASM,8.4781,8.7527,TP,3.239,1769178720000000000,1.76917896e+18
2026-01-26,ALM,12.4024,12.0579,SL,-2.777,1769437920000000000,1.76943834e+18
2026-01-26,LE,17.5605,18.2201,TP,3.756,1769437920000000000,1.76943846e+18
2026-01-27,GFS,47.4174,48.3229,TP,1.91,1769524320000000000,1.76952498e+18
2026-01-27,CMBT,12.3223,12.1685,SL,-1.248,1769524320000000000,1.7695317e+18
2026-01-28,STX,423.423,415.4042,SL,-1.894,1769610720000000000,1.76961072e+18
2026-01-28,ATEX,29.019,28.3917,SL,-2.162,1769610720000000000,1.76961072e+18
2026-01-29,LBRT,24.5906,24.1059,SL,-1.971,1769697120000000000,1.76969712e+18
2026-01-29,ALGM,37.3473,38.5187,TP,3.136,1769697120000000000,1.76969724e+18
2026-01-30,LITE,428.428,418.5762,SL,-2.3,1769783520000000000,1.76978352e+18
2026-01-30,AAOI,43.033,41.2587,SL,-4.123,1769783520000000000,1.76978352e+18
2026-02-02,SNDK,620.0194,637.4402,TP,2.81,1770042720000000000,1.77004314e+18
2026-02-02,OPRA,14.5145,14.0458,EOD,-3.229,1770042720000000000,1.7700657e+18
2026-02-03,USAR,24.3243,23.4815,SL,-3.465,1770129120000000000,1.77012912e+18
2026-02-03,VELO,14.014,13.5964,SL,-2.98,1770129120000000000,1.7701293e+18
2026-02-04,JKS,30.2102,29.6803,SL,-1.754,1770215520000000000,1.77021552e+18
2026-02-04,REYN,23.3633,24.1775,TP,3.485,1770215520000000000,1.77021564e+18
2026-02-05,PAHC,46.4614,45.2947,SL,-2.511,1770301920000000000,1.77030192e+18
2026-02-05,OCUL,9.3794,9.006,SL,-3.981,1770301920000000000,1.77030192e+18
2026-02-06,LUMN,6.9341,6.7133,SL,-3.185,1770388320000000000,1.77038832e+18
2026-02-06,MITK,11.8568,11.5484,SL,-2.601,1770388320000000000,1.77038838e+18
2026-02-09,LUNR,19.1091,18.4915,SL,-3.232,1770647520000000000,1.77064752e+18
2026-02-09,NXST,241.1809,249.138,TP,3.299,1770647520000000000,1.7706489e+18
2026-02-10,SPOT,483.483,471.4591,SL,-2.487,1770733920000000000,1.77073452e+18
2026-02-10,NKTR,50.6606,52.3392,TP,3.313,1770733920000000000,1.77073458e+18
2026-02-11,KRNT,16.6166,16.3087,SL,-1.853,1770820320000000000,1.77082032e+18
2026-02-11,SOLS,73.0729,71.1787,SL,-2.592,1770820320000000000,1.77082068e+18
2026-02-12,IPGP,123.8087,118.851,SL,-4.004,1770906720000000000,1.77090672e+18
2026-02-12,FSLY,15.065,14.4056,SL,-4.377,1770906720000000000,1.77090672e+18
2026-02-13,CRSR,7.0958,6.7432,SL,-4.968,1770993120000000000,1.77099312e+18
2026-02-13,MGA,66.1861,68.1693,TP,2.996,1770993120000000000,1.77099408e+18
2026-02-17,EMAT,11.011,10.5395,SL,-4.283,1771338720000000000,1.77133872e+18
2026-02-17,WAY,24.9749,24.1658,SL,-3.24,1771338720000000000,1.77133872e+18
2026-02-18,QURE,23.2132,22.8543,SL,-1.546,1771425120000000000,1.77142512e+18
2026-02-18,WTTR,14.8799,15.256,TP,2.528,1771425120000000000,1.77142518e+18
2026-02-19,OSS,9.5595,9.2408,SL,-3.335,1771511520000000000,1.77151152e+18
2026-02-19,COLD,12.993,13.3996,TP,3.129,1771511520000000000,1.77151272e+18
2026-02-20,RNG,37.037,35.7686,SL,-3.425,1771597920000000000,1.77159792e+18
2026-02-20,SCZM,10.7207,10.5494,SL,-1.598,1771597920000000000,1.77159978e+18
2026-02-23,TDW,78.4884,80.7174,TP,2.84,1771857120000000000,1.77185724e+18
2026-02-23,VKTX,34.014,35.0648,TP,3.089,1771857120000000000,1.7718573e+18
2026-02-24,BBBY,5.7758,5.5544,SL,-3.832,1771943520000000000,1.77194352e+18
2026-02-24,KEYS,282.3721,292.0626,TP,3.432,1771943520000000000,1.77194364e+18
2026-02-25,SGML,16.7466,16.1538,SL,-3.54,1772029920000000000,1.77202992e+18
2026-02-25,VIR,10.4765,10.1598,SL,-3.022,1772029920000000000,1.77203022e+18
2026-02-26,LMAT,111.9018,107.6273,SL,-3.82,1772116320000000000,1.77211632e+18
2026-02-26,PRMB,21.7717,22.4087,TP,2.926,1772116320000000000,1.77211644e+18
2026-02-27,AAOI,73.2631,70.0599,SL,-4.372,1772202720000000000,1.77220284e+18
2026-02-27,BLFS,24.3243,24.011,SL,-1.288,1772202720000000000,1.77220296e+18
2026-03-02,RCAT,13.6737,13.2967,SL,-2.757,1772461920000000000,1.77246192e+18
2026-03-02,AXTI,46.6365,45.1448,SL,-3.199,1772461920000000000,1.77246192e+18
2026-03-03,RCAT,14.8749,15.3369,TP,3.106,1772548320000000000,1.7725485e+18
2026-03-03,ZD,45.5255,47.1119,TP,3.485,1772548320000000000,1.77254988e+18
2026-03-04,BGS,6.056,5.6843,SL,-6.138,1772634720000000000,1.77263472e+18
2026-03-04,EOLS,6.1061,5.8166,SL,-4.742,1772634720000000000,1.77263472e+18
2026-03-05,AMPX,14.2642,13.8462,SL,-2.93,1772721120000000000,1.77272112e+18
2026-03-05,BVS,9.2592,8.7413,SL,-5.594,1772721120000000000,1.77272172e+18
2026-03-06,SWBI,13.1455,13.4619,TP,2.407,1772807520000000000,1.7728077e+18
2026-03-06,MRVL,87.4674,89.588,TP,2.424,1772807520000000000,1.77281034e+18
2026-03-09,CLPT,11.7117,11.029,SL,-5.83,1773063120000000000,1.77306312e+18
2026-03-09,RGNX,10.4104,9.9062,SL,-4.843,1773063120000000000,1.77306312e+18
2026-03-10,TENX,13.1381,12.6573,SL,-3.66,1773149520000000000,1.77314952e+18
2026-03-10,CAPR,34.5045,33.4665,SL,-3.008,1773149520000000000,1.77314952e+18
2026-03-11,BNED,9.8979,9.5404,SL,-3.611,1773235920000000000,1.77323592e+18
2026-03-11,AUNA,5.8058,5.6543,SL,-2.609,1773235920000000000,1.77323592e+18
2026-03-12,LWLG,6.3864,6.6367,TP,3.92,1773322320000000000,1.77332244e+18
2026-03-12,LXU,15.2052,14.7953,SL,-2.696,1773322320000000000,1.77332256e+18
2026-03-13,HIMX,10.8088,10.4845,SL,-3.0,1773408720000000000,1.77340872e+18
2026-03-13,KODK,7.9579,7.5724,SL,-4.845,1773408720000000000,1.77340872e+18
2026-03-16,NVTS,11.6415,11.1635,SL,-4.106,1773667920000000000,1.77366792e+18
2026-03-16,BTDR,8.2282,8.4417,TP,2.595,1773667920000000000,1.77366822e+18
2026-03-17,SEI,63.4984,62.2677,SL,-1.938,1773754320000000000,1.77375432e+18
2026-03-17,ICHR,47.047,46.1538,SL,-1.899,1773754320000000000,1.77375444e+18
2026-03-18,ZTO,25.8758,25.3746,SL,-1.937,1773840720000000000,1.77384072e+18
2026-03-18,MOMO,6.5065,6.3461,SL,-2.464,1773840720000000000,1.77384072e+18
2026-03-19,ELA,14.4144,14.1758,SL,-1.655,1773927120000000000,1.77392712e+18
2026-03-19,CCRN,9.6396,9.3207,SL,-3.309,1773927120000000000,1.77392712e+18
2026-03-20,NXST,242.242,236.793,SL,-2.249,1774013520000000000,1.77401352e+18
2026-03-20,SEDG,50.7607,49.7302,SL,-2.03,1774013520000000000,1.77401376e+18
2026-03-23,LAR,6.3463,6.1938,SL,-2.404,1774272720000000000,1.77427314e+18
2026-03-23,SGML,9.9099,9.6603,SL,-2.518,1774272720000000000,1.77427314e+18
2026-03-24,SWMR,29.4294,28.3716,SL,-3.594,1774359120000000000,1.77435912e+18
2026-03-24,NEXT,7.5475,7.3826,SL,-2.185,1774359120000000000,1.77436428e+18
2026-03-25,SRPT,20.6456,21.2829,TP,3.087,1774445520000000000,1.7744457e+18
2026-03-25,ELVN,34.9876,34.2157,SL,-2.206,1774445520000000000,1.77444576e+18
2026-03-26,NVCR,12.3123,12.0893,SL,-1.811,1774531920000000000,1.77453198e+18
2026-03-26,KRMN,103.8638,100.3995,SL,-3.335,1774531920000000000,1.77453252e+18
2026-03-27,SGML,10.9109,10.7193,SL,-1.756,1774618320000000000,1.77461832e+18
2026-03-27,TBN,37.5375,38.9587,TP,3.786,1774618320000000000,1.77461844e+18
2026-03-30,SGML,14.5545,14.0959,SL,-3.151,1774877520000000000,1.77487752e+18
2026-03-30,TSSI,13.0731,12.699,SL,-2.861,1774877520000000000,1.7748777e+18
2026-03-31,WRD,7.8228,7.6424,SL,-2.307,1774963920000000000,1.77496392e+18
2026-03-31,ANNX,5.8959,5.6444,SL,-4.266,1774963920000000000,1.77496392e+18
2026-04-01,OMER,12.6126,12.1004,SL,-4.061,1775050320000000000,1.77505032e+18
2026-04-01,VOR,19.2913,18.9011,SL,-2.023,1775050320000000000,1.77505128e+18
2026-04-02,BRAI,23.6136,21.7882,SL,-7.73,1775136720000000000,1.77513756e+18
2026-04-02,SM,31.5528,31.014,SL,-1.708,1775136720000000000,1.77513942e+18
2026-04-06,AAOI,115.115,110.3895,SL,-4.105,1775482320000000000,1.77548256e+18
2026-04-06,ORKA,58.058,56.5435,SL,-2.609,1775482320000000000,1.77548322e+18
2026-04-07,CAR,225.0248,221.7144,SL,-1.471,1775568720000000000,1.77556872e+18
2026-04-07,FUBO,13.3833,12.7872,SL,-4.454,1775568720000000000,1.77556878e+18
2026-04-08,BE,154.5344,151.4184,SL,-2.016,1775655120000000000,1.77565668e+18
2026-04-08,NCLH,20.8558,20.5195,SL,-1.613,1775655120000000000,1.77565914e+18
2026-04-09,ALOY,8.7087,8.4849,SL,-2.57,1775741520000000000,1.77574152e+18
2026-04-09,MRLN,8.2482,8.5492,TP,3.649,1775741520000000000,1.77574164e+18
2026-04-10,LWLG,9.4594,9.0609,SL,-4.213,1775827920000000000,1.77582792e+18
2026-04-10,ALAB,141.7416,138.861,SL,-2.032,1775827920000000000,1.77582792e+18
2026-04-13,OPTX,11.011,10.6893,SL,-2.922,1776087120000000000,1.77608712e+18
2026-04-13,SGML,16.3063,16.0439,SL,-1.609,1776087120000000000,1.77608712e+18
2026-04-14,SMR,10.8709,10.4103,SL,-4.237,1776173520000000000,1.77617352e+18
2026-04-14,QBTS,15.7057,15.3847,SL,-2.044,1776173520000000000,1.77617352e+18
2026-04-15,EOSE,7.3173,7.1129,SL,-2.794,1776259920000000000,1.77625992e+18
2026-04-15,ALMU,15.4504,15.9441,TP,3.195,1776259920000000000,1.77626004e+18
2026-04-16,SGML,20.6907,19.8901,SL,-3.869,1776346320000000000,1.77634632e+18
2026-04-16,RKLB,79.5795,77.0229,SL,-3.213,1776346320000000000,1.77634632e+18
2026-04-17,SMR,12.1672,12.4368,TP,2.216,1776432720000000000,1.7764329e+18
2026-04-17,CRML,12.1521,12.7467,TP,4.892,1776432720000000000,1.77643518e+18
2026-04-20,LZM,6.0961,5.9555,SL,-2.306,1776691920000000000,1.77669192e+18
2026-04-20,ATAI,5.4755,5.2048,SL,-4.944,1776691920000000000,1.77669198e+18
2026-04-21,POET,9.97,9.6903,SL,-2.805,1776778320000000000,1.77677832e+18
2026-04-21,MXL,37.4073,36.1838,SL,-3.271,1776778320000000000,1.77677832e+18
2026-04-22,VICR,277.36,270.8389,SL,-2.351,1776864720000000000,1.77686472e+18
2026-04-22,AXTI,86.9569,84.4155,SL,-2.923,1776864720000000000,1.77686472e+18
2026-04-23,TXN,271.96,267.4723,SL,-1.65,1776951120000000000,1.77695112e+18
2026-04-23,STM,50.2402,48.8011,SL,-2.864,1776951120000000000,1.77695142e+18
2026-04-24,WOLF,31.3613,30.3696,SL,-3.162,1777037520000000000,1.77703752e+18
2026-04-24,INTC,84.4143,82.5474,SL,-2.212,1777037520000000000,1.77703758e+18
2026-04-27,QUIK,16.1161,15.5844,SL,-3.299,1777296720000000000,1.77729672e+18
2026-04-27,BW,15.5756,15.1849,SL,-2.508,1777296720000000000,1.77729672e+18
2026-04-28,TFII,146.3462,148.8582,TP,1.716,1777383120000000000,1.7773833e+18
2026-04-28,BBBY,7.5876,7.0829,SL,-6.651,1777383120000000000,1.77738336e+18
2026-04-29,FVRR,13.1131,12.6373,SL,-3.628,1777469520000000000,1.77746952e+18
2026-04-29,MXL,57.5975,56.0039,SL,-2.767,1777469520000000000,1.77746952e+18
2026-04-30,BAND,35.4069,33.7902,SL,-4.566,1777555920000000000,1.77755592e+18
2026-04-30,NVCR,15.2152,14.1458,SL,-7.028,1777555920000000000,1.77755598e+18
2026-05-01,TEAM,86.136,84.0768,SL,-2.391,1777642320000000000,1.77764232e+18
2026-05-01,FIVN,21.1711,20.2297,SL,-4.447,1777642320000000000,1.77764262e+18
2026-05-04,CXDO,8.4077,8.1118,SL,-3.52,1777901520000000000,1.77790152e+18
2026-05-04,LWLG,17.9431,17.3328,SL,-3.401,1777901520000000000,1.77790158e+18
2026-05-05,FSLY,30.2202,29.6004,SL,-2.051,1777987920000000000,1.77798792e+18
2026-05-05,FTRE,14.9649,14.4555,SL,-3.404,1777987920000000000,1.77798852e+18
2026-05-06,DGXX,5.8158,5.5744,SL,-4.151,1778074320000000000,1.77807432e+18
2026-05-06,BLMN,7.7277,7.4625,SL,-3.432,1778074320000000000,1.77807432e+18
2026-05-07,ELA,22.4024,21.8881,SL,-2.296,1778160720000000000,1.77816072e+18
2026-05-07,EXK,10.9309,10.6693,SL,-2.393,1778160720000000000,1.77816072e+18
2026-05-08,HIMX,19.2893,18.7312,SL,-2.893,1778247120000000000,1.77824712e+18
2026-05-08,FLNC,25.9359,24.5754,SL,-5.246,1778247120000000000,1.77824712e+18
2026-05-11,LITE,995.6146,976.024,SL,-1.968,1778506320000000000,1.77850632e+18
2026-05-11,VICR,292.7124,286.3044,SL,-2.189,1778506320000000000,1.77850632e+18
2026-05-12,NOVT,157.147,149.9,SL,-4.612,1778592720000000000,1.77859272e+18
2026-05-12,RIGL,29.7497,28.971,SL,-2.618,1778592720000000000,1.77859284e+18
2026-05-13,VELO,19.7347,18.027,SL,-8.654,1778679120000000000,1.77867912e+18
2026-05-13,WOLF,69.7697,72.8067,TP,4.353,1778679120000000000,1.77867924e+18
2026-05-14,FENC,8.2783,8.0569,SL,-2.674,1778765520000000000,1.77876552e+18
2026-05-14,POET,19.2092,18.1219,SL,-5.66,1778765520000000000,1.77876552e+18
2026-05-15,NTLA,13.7637,13.4266,SL,-2.45,1778851920000000000,1.77885192e+18
2026-05-15,VG,13.984,13.6763,SL,-2.2,1778851920000000000,1.7788521e+18
2026-05-18,DSGN,16.7768,15.944,SL,-4.964,1779111120000000000,1.77911112e+18
2026-05-18,FLY,46.3063,44.5319,SL,-3.832,1779111120000000000,1.77911112e+18
2026-05-19,AS,35.1952,34.7252,SL,-1.335,1779197520000000000,1.77919824e+18
2026-05-19,SHAK,63.4634,62.3376,SL,-1.774,1779197520000000000,1.77920856e+18
2026-05-20,ROIV,31.4614,30.7692,SL,-2.2,1779283920000000000,1.77928392e+18
2026-05-20,SLS,8.7187,8.4515,SL,-3.064,1779283920000000000,1.77928434e+18
2026-05-21,APLD,44.024,43.1069,SL,-2.083,1779370320000000000,1.77937032e+18
2026-05-21,INFQ,14.1041,14.5895,TP,3.442,1779370320000000000,1.77937038e+18
2026-05-22,ASMB,31.031,30.2997,SL,-2.357,1779456720000000000,1.77945672e+18
2026-05-22,RGTI,24.1641,24.9289,TP,3.165,1779456720000000000,1.77945714e+18
2026-05-26,POWI,84.0839,82.0079,SL,-2.469,1779802320000000000,1.77980232e+18
2026-05-26,ASPI,6.9369,6.6535,SL,-4.085,1779802320000000000,1.77980232e+18
2026-05-27,APPS,7.4174,6.9531,SL,-6.259,1779888720000000000,1.77988872e+18
2026-05-27,OOMA,21.4714,20.3595,SL,-5.179,1779888720000000000,1.77988902e+18
2026-05-28,CRSR,12.062,11.59,SL,-3.914,1779975120000000000,1.77997512e+18
2026-05-28,ONDS,11.9119,12.3077,TP,3.323,1779975120000000000,1.77997524e+18
2026-05-29,TSSI,16.2561,15.7043,SL,-3.395,1780061520000000000,1.78006152e+18
2026-05-29,BHVN,11.3413,11.7127,TP,3.275,1780061520000000000,1.78006182e+18
