,0
2024-01-02,-0.2894003925606851
2024-01-03,-0.5826317598726205
2024-01-04,0.9731884778176868
2024-01-05,0.7820676168852798
2024-01-08,2.131010405715574
2024-01-09,0.2710370856905216
2024-01-10,0.5942649550701633
2024-01-11,-0.8030168631494261
2024-01-12,-1.0238497552484775
2024-01-16,-0.5160775907502733
2024-01-17,0.2545031838072772
2024-01-18,-0.226593445480923
2024-01-19,0.6538392812377546
2024-01-22,0.3719721010212523
2024-01-23,-0.11802567717572654
2024-01-24,-1.5309003217412644
2024-01-25,0.07210505841017825
2024-01-26,-0.06376935727189939
2024-01-29,1.1377062578213357
2024-01-30,-0.29161655224021704
2024-01-31,-1.028115300472271
2024-02-01,0.7936040979255927
2024-02-02,0.518654643304718
2024-02-05,-0.7693801624006201
2024-02-06,1.7607172706710785
2024-02-07,0.1406192297153199
2024-02-08,0.9717214064141767
2024-02-09,0.32372970423968617
2024-02-12,1.7365997770311672
2024-02-13,-0.43347724376992275
2024-02-14,0.8712469440518545
2024-02-15,1.2400585828483375
2024-02-16,-0.42731802323690266
2024-02-20,-0.21494770716355807
2024-02-21,0.6264335649427056
2024-02-22,0.020932395009583687
2024-02-23,-0.6041260900691838
2024-02-26,2.380260790004049
2024-02-27,1.3379794545088486
2024-02-28,-0.2762227224751486
2024-02-29,0.6772486685590803
2024-03-01,0.95782719001461
2024-03-04,-0.8781124830149709
2024-03-05,-0.3092560404360334
2024-03-06,0.003749389203200804
2024-03-07,0.7383878679755824
2024-03-08,-0.9876264363806266
2024-03-11,0.2369071427782695
2024-03-12,0.3538766761139472
2024-03-13,0.8688220608193852
2024-03-14,-1.9730323669386869
2024-03-15,0.717253193436323
2024-03-18,-0.5546155956651982
2024-03-19,0.7626427660479775
2024-03-20,1.6234539328794153
2024-03-21,-0.7043732795020757
2024-03-22,0.7038680675052713
2024-03-25,0.13568740325120637
2024-03-26,-0.7003167313443074
2024-03-27,1.8013028203875516
2024-03-28,0.11499235206503668
2024-04-01,-0.4587306385396987
2024-04-02,-0.024515859913819202
2024-04-03,1.289200696428102
2024-04-04,4.297352186470571
2024-04-05,0.3244694040118556
2024-04-08,-0.05443218664263995
2024-04-09,0.28736264439320414
2024-04-10,0.02807061220626579
2024-04-11,0.24035370481069765
2024-04-12,-1.672245634690505
2024-04-15,-2.2739108996397044
2024-04-16,-0.28231437580014807
2024-04-17,-0.7930099841568372
2024-04-18,-0.14786083441603529
2024-04-19,-0.3233552387422796
2024-04-22,0.6829412434240263
2024-04-23,0.9857346750109073
2024-04-24,-0.34764624683780027
2024-04-25,1.152213242450031
2024-04-26,1.1036209840887112
2024-04-29,0.6314044597011873
2024-04-30,-0.11933036111642122
2024-05-01,2.2060508936510863
2024-05-02,0.5734777820331313
2024-05-03,-0.22852792475137304
2024-05-06,0.6961282070664657
2024-05-07,-0.5293419469662484
2024-05-08,0.7988615454242377
2024-05-09,1.0783507011057978
2024-05-10,-1.9438116970470418
2024-05-13,6.9602665780143
2024-05-14,-5.425188375082829
2024-05-15,-1.052323834537511
2024-05-16,0.0031151544257151057
2024-05-17,0.0074128722736371945
2024-05-20,0.792546678831023
2024-05-21,0.22110168620639956
2024-05-22,0.2653868516165571
2024-05-23,-2.159441280662012
2024-05-24,0.6782269786691402
2024-05-28,-0.290128988538625
2024-05-29,1.310388623199442
2024-05-30,2.4416129432722964
2024-05-31,0.6493087145434254
2024-06-03,-1.7102522964207314
2024-06-04,-0.2248430655970819
2024-06-05,1.3591569725081287
2024-06-06,2.687082850231169
2024-06-07,-1.7745379915931607
2024-06-10,0.5508216195094308
2024-06-11,1.429059937190043
2024-06-12,-0.84941255128759
2024-06-13,-0.2979814914349715
2024-06-14,-0.42912284468021983
2024-06-17,0.4444496494563214
2024-06-18,0.3545698157427922
2024-06-20,-0.7559017855123824
2024-06-21,0.22225771536113506
2024-06-24,0.07181300938432884
2024-06-25,0.6402007607369401
2024-06-26,-0.1925494045190512
2024-06-27,0.4701325410479927
2024-06-28,-0.5103751353535003
2024-07-01,-0.6702373849730274
2024-07-02,0.6353152834878901
2024-07-03,1.1209853323470786
2024-07-05,0.21263736491913543
2024-07-08,0.3387884905081215
2024-07-09,0.16871843320872737
2024-07-10,1.8135284773514226
2024-07-11,-0.25292655845567846
2024-07-12,1.4019729090726472
2024-07-15,-0.2861468305535734
2024-07-16,1.7079272707292508
2024-07-17,-0.9009546758995659
2024-07-18,-1.6683257966367113
2024-07-19,3.7606808909575102
2024-07-22,-0.12459670424237328
2024-07-23,0.3959477028304453
2024-07-24,-2.177742755029677
2024-07-25,0.4171592280567512
2024-07-26,0.6031518402204079
2024-07-29,0.1346881935597142
2024-07-30,-1.4530852745238678
2024-07-31,0.25385604040329857
2024-08-01,-3.182965325373121
2024-08-02,-0.8457776885481869
2024-08-05,3.1373773820551727
2024-08-06,1.7499651993000236
2024-08-07,-3.046317386132495
2024-08-08,2.3614576820593376
2024-08-09,-0.08038351830250996
2024-08-12,-0.3939248819906988
2024-08-13,1.707900897348679
2024-08-14,-0.454657302618425
2024-08-15,2.0141830682523056
2024-08-16,1.0904153671437338
2024-08-19,1.8639056128474223
2024-08-20,-0.5047546140172748
2024-08-21,0.8624254567948624
2024-08-22,-1.7761977518039733
2024-08-23,1.7377480398882816
2024-08-26,-0.8153906220457177
2024-08-27,0.14859109410251278
2024-08-28,-1.2202132804564145
2024-08-29,-0.3243689195200212
2024-08-30,0.2143724087862446
2024-09-03,-2.2857309836313138
2024-09-04,0.3672100867604766
2024-09-05,0.2498204334686167
2024-09-06,-2.2284091382963536
2024-09-09,1.600923386809934
2024-09-10,-0.03588864649175535
2024-09-11,2.0659353144318606
2024-09-12,1.2502593606176198
2024-09-13,1.3455958883068564
2024-09-16,0.323454943257162
2024-09-17,-0.34233655348747893
2024-09-18,-0.8717597556349244
2024-09-19,0.04947745150090919
2024-09-20,0.1852612228635423
2024-09-23,0.16554973463329012
2024-09-24,0.9699221359696896
2024-09-25,-0.26679481988603854
2024-09-26,-0.16190572796599087
2024-09-27,1.2445518165988017
2024-09-30,-0.6225678734407116
2024-10-01,-0.529524184501547
2024-10-02,0.5024303186505056
2024-10-03,0.987460309083986
2024-10-04,0.9962258299175456
2024-10-07,0.2167323700148916
2024-10-08,0.5833022718963711
2024-10-09,0.7493778610532392
2024-10-10,0.44072037391262675
2024-10-11,1.8474855299553445
2024-10-14,0.6564665969787475
2024-10-15,25.069265201274746
2024-10-16,1.7626066754013079
2024-10-17,-0.7542551532032258
2024-10-18,0.944669525792133
2024-10-21,-0.03604810284887953
2024-10-22,0.19332008379710272
2024-10-23,-0.5112304783653918
2024-10-24,2.4988406246835195
2024-10-25,0.18728692434121613
2024-10-28,2.423192646367683
2024-10-29,-0.0775773234351583
2024-10-30,-0.8979253621657927
2024-10-31,-1.5072732527193293
2024-11-01,-0.5171059354421941
2024-11-04,0.2696194941934465
2024-11-05,1.4002878928235716
2024-11-06,0.3952968160209647
2024-11-07,1.3385425347705373
2024-11-08,1.3249007147034964
2024-11-11,0.43927022491639367
2024-11-12,-0.6497991972052656
2024-11-13,-0.7215049664307546
2024-11-14,-1.7299609449106665
2024-11-15,-0.8248015001449984
2024-11-18,1.0044670690546253
2024-11-19,2.2466762475274162
2024-11-20,0.2886380639696571
2024-11-21,1.8271752160915045
2024-11-22,2.1205391431820613
2024-11-25,0.15043501182739427
2024-11-26,-0.05582686328799337
2024-11-27,-0.13052208712216457
2024-11-29,1.9063686887408262
2024-12-02,-0.1608280181645007
2024-12-03,-0.2652902152387168
2024-12-04,0.49490321234749285
2024-12-05,0.3164130916790349
2024-12-06,1.1607043563016588
2024-12-09,-0.8180350751771105
2024-12-10,1.48490717914588
2024-12-11,-1.0001490334738061
2024-12-12,-0.4348261079616959
2024-12-13,1.172452114200468
2024-12-16,3.833784997356134
2024-12-17,1.5678373390767426
2024-12-18,-2.1211627333521688
2024-12-19,-3.266675825090487
2024-12-20,3.3329796253396915
2024-12-23,0.3779381943800222
2024-12-24,0.800856271597149
2024-12-26,8.012639848447826
2024-12-27,-0.4163694753805666
2024-12-30,0.4016780019437451
2024-12-31,-1.8133074350548408
2025-01-02,1.714068032896105
2025-01-03,4.8272474581900635
2025-01-06,2.5043737570327678
2025-01-07,-2.107768695769065
2025-01-08,-1.8189870916242732
2025-01-10,-1.3714513820961778
2025-01-13,-0.09128816005760436
2025-01-14,1.7781820397363242
2025-01-15,1.113784010233402
2025-01-16,0.21218789163441382
2025-01-17,-0.5592000141400586
2025-01-21,3.126232335401836
2025-01-22,-0.5873108884200687
2025-01-23,1.5082870582328087
2025-01-24,-0.6072254487337904
2025-01-27,-1.6437548621019333
2025-01-28,0.355066577177014
2025-01-29,-0.3992718193431752
2025-01-30,0.6490440885016603
2025-01-31,-0.8231624982529142
2025-02-03,1.7167455032671728
2025-02-04,1.0000465557262082
2025-02-05,1.7597863934090618
2025-02-06,-0.7280443196757592
2025-02-07,0.3805564125824534
2025-02-10,0.4755474053688459
2025-02-11,-0.7390675986762031
2025-02-12,2.209128233402071
2025-02-13,1.7269420379393696
2025-02-14,-0.1404930404423705
2025-02-18,0.6359629051997048
2025-02-19,0.30953788751196093
2025-02-20,0.00970870420084016
2025-02-21,-3.1404055539973057
2025-02-24,-1.7463044259549574
2025-02-25,-1.4969618687359347
2025-02-26,-0.4442997127968494
2025-02-27,-3.5465654556322868
2025-02-28,2.49821334233594
2025-03-03,-4.264487542452251
2025-03-04,1.1295693445085575
2025-03-05,1.698800030959792
2025-03-06,-0.9472091282470019
2025-03-07,1.6572065074011226
2025-03-10,-2.0726442863470638
2025-03-11,0.3426941709452583
2025-03-12,-0.3791047713245649
2025-03-13,-0.1855419947209479
2025-03-14,3.517801868246342
2025-03-17,1.383114250122868
2025-03-18,-0.4753563128156204
2025-03-19,1.0470933726261544
2025-03-20,-0.186621827611416
2025-03-21,0.8891287386729396
2025-03-24,1.3607016606061875
2025-03-25,-0.6287648551719306
2025-03-26,-1.864152793422096
2025-03-27,-0.4464897124645204
2025-03-28,-2.1064068934362314
2025-03-31,2.1231019258286326
2025-04-01,0.5825286275069894
2025-04-02,3.233281007916259
2025-04-03,-2.3314248074710666
2025-04-04,-2.729250892447121
2025-04-07,4.307865776082318
2025-04-08,-6.752309901550555
2025-04-09,12.186635445198315
2025-04-10,-2.207584572650762
2025-04-11,1.9688436241129164
2025-04-14,0.004448315225885244
2025-04-15,0.030597119235039945
2025-04-16,-0.2173144632770599
2025-04-17,0.9163775542911151
2025-04-21,-1.1274265077177805
2025-04-22,1.3803547171476067
2025-04-23,-0.9286063090600576
2025-04-24,2.2042544075773525
2025-04-25,0.8385429974058991
2025-04-28,0.6862013428976869
2025-04-29,0.2811892290635617
2025-04-30,1.4163940374451442
2025-05-01,-0.39523106111129575
2025-05-02,1.4481484127057178
2025-05-05,-0.1859851403323814
2025-05-06,1.1904063238141398
2025-05-07,0.36993135310622355
2025-05-08,1.5565719526804598
2025-05-09,0.14168545293255627
2025-05-12,0.3396867734775707
2025-05-13,1.1876262179431356
2025-05-14,0.3380920594097088
2025-05-15,0.7869167460429024
2025-05-16,1.76404783881259
2025-05-19,1.3037015261324711
2025-05-20,0.4361098481974806
2025-05-21,-1.5271632653494287
2025-05-22,2.83741133942101
2025-05-23,2.0397010256566026
2025-05-27,2.4976675035613285
2025-05-28,-1.1397578155860253
2025-05-29,-1.6489436875994097
2025-05-30,0.15238759158928938
2025-06-02,1.3686392122045636
2025-06-03,1.002624692862048
2025-06-04,1.0788591269318761
2025-06-05,-1.2449326654089448
2025-06-06,1.9704742018839965
2025-06-09,0.0383984774988207
2025-06-10,0.4177391225260066
2025-06-11,-0.3683210756008088
2025-06-12,0.15450220872327652
2025-06-13,-0.11401393714975946
2025-06-16,1.3069140621197781
2025-06-17,-0.34444354334363037
2025-06-18,0.4593416116219579
2025-06-20,-0.9379226518975278
2025-06-23,0.4095406145930365
2025-06-24,2.2452078432709395
2025-06-25,-1.0200864557181535
2025-06-26,3.230575535079505
2025-06-27,-0.5056870004493775
2025-06-30,0.7075947838230743
2025-07-01,0.5012316598079822
2025-07-02,2.108192451522314
2025-07-03,1.2579191713540114
2025-07-07,-0.1936594449544553
2025-07-08,0.41372757805763044
2025-07-09,0.16817716565037116
2025-07-10,0.5554744437576172
2025-07-11,-0.22213639769808374
2025-07-14,1.3038366646942126
2025-07-15,-1.1473177997424766
2025-07-16,1.13480672319104
2025-07-17,1.9564959414612055
2025-07-18,-0.5591080466193232
2025-07-21,-1.1401204544998205
2025-07-22,0.7740199224278458
2025-07-23,1.1996026433399967
2025-07-24,-0.7223760714034874
2025-07-25,0.31282420466566796
2025-07-28,-0.7454824988006435
2025-07-29,-1.517845829616909
2025-07-30,-0.4243298842066971
2025-07-31,-0.6512040087888729
2025-08-01,-0.44333593734047666
2025-08-04,1.531111557035235
2025-08-05,-0.14794739716669425
2025-08-06,-0.03828159260667775
2025-08-07,-0.6306658249315396
2025-08-08,-0.5178931245207614
2025-08-11,0.1101806890209718
2025-08-12,2.582663373294636
2025-08-13,1.7881763098276058
2025-08-14,0.57054077715655
2025-08-15,0.2633187440322244
2025-08-18,0.49937403831887
2025-08-19,-1.5845603721761048
2025-08-20,-0.08554567533129853
2025-08-21,0.6949433590414807
2025-08-22,6.16875786878132
2025-08-25,-0.7818726169827368
2025-08-26,0.4858271445989288
2025-08-27,0.5062456413187033
2025-08-28,0.2575640844435092
2025-08-29,-0.3738267718307554
2025-09-02,2.295347235383828
2025-09-03,-0.3430436523585143
2025-09-04,1.617184557349164
2025-09-05,0.43277870620893866
2025-09-08,-0.5144611809462086
2025-09-09,3.247680803586203
2025-09-10,-0.5369133724804359
2025-09-11,7.13751855628324
2025-09-12,0.21558783476550045
2025-09-15,0.24863295642000818
2025-09-16,0.07749170512511344
2025-09-17,1.8001147217820133
2025-09-18,0.8665951841763412
2025-09-19,0.7111131656117509
2025-09-22,1.1045962772170002
2025-09-23,-0.273815543239625
2025-09-24,0.29579108632234674
2025-09-25,1.1112925066789185
2025-09-26,0.20546851061076277
2025-09-29,-0.5254902832719361
2025-09-30,0.12515894101135613
2025-10-01,1.4030992615237203
2025-10-02,1.2774399826398113
2025-10-03,1.8834284310339553
2025-10-06,0.4027796980476323
2025-10-07,-1.3357676932454852
2025-10-08,0.8457384897507487
2025-10-09,0.05816271787183245
2025-10-10,-4.52299735300916
2025-10-13,3.2037823931996
2025-10-14,3.517625622945799
2025-10-15,-0.37815187388163246
2025-10-16,-3.253926158362873
2025-10-17,0.3165574918655141
2025-10-20,1.801504648209243
2025-10-21,-1.0601548152999403
2025-10-22,-1.046397277342
2025-10-23,0.34075974832625155
2025-10-24,1.1052423226264323
2025-10-27,0.018517234748341056
2025-10-28,0.2883062082462488
2025-10-29,-0.5918063725367867
2025-10-30,-0.22226404916032347
2025-10-31,0.7051248311323016
2025-11-03,-1.0781121662509459
2025-11-04,-0.4476039494169044
2025-11-05,1.5842927904672897
2025-11-06,-2.6716994243619347
2025-11-07,2.693552994074726
2025-11-10,0.1826088661204638
2025-11-11,0.14954466550319923
2025-11-12,-0.08276420215388319
2025-11-13,-2.449187799529634
2025-11-14,2.2427916184743464
2025-11-17,-1.6281736651984278
2025-11-18,1.3442965783316916
2025-11-19,-0.1887687163364683
2025-11-20,-5.134170653001653
2025-11-21,1.460086685308703
2025-11-24,2.4225241512466353
2025-11-25,1.4612355679912554
2025-11-26,0.6841655962451582
2025-11-28,1.0920062416302616
2025-12-01,0.023470798181109916
2025-12-02,-0.2462655735389645
2025-12-03,1.6696325076467713
2025-12-04,2.3958398793846922
2025-12-05,-0.10927465895756124
2025-12-08,0.40380733575908284
2025-12-09,0.899126077810802
2025-12-10,0.8019857159854652
2025-12-11,1.434348592430315
2025-12-12,-1.7184004562433546
2025-12-15,-1.7746322316561358
2025-12-16,0.34110619274776655
2025-12-17,-1.6659904922763515
2025-12-18,-0.20720809259054448
2025-12-19,1.5541514911533625
2025-12-22,3.1349992033257044
2025-12-23,-0.18898668284525103
2025-12-24,0.13585704742155133
2025-12-26,-0.6687828487100322
2025-12-29,0.23085343768891559
2025-12-30,-0.3750475379490031
2025-12-31,-0.46030470068265816
